{
	"IcoMoonType": "selection",
	"icons": [
		{
			"icon": {
				"paths": [
					"M768 342v-86h-512v86h512zM598 598v-86h-342v86h342zM256 384v86h512v-86h-512zM854 86q34 0 59 25t25 59v512q0 34-25 60t-59 26h-598l-170 170v-768q0-34 25-59t59-25h684z"
				],
				"attrs": [
					{}
				],
				"isMulticolor": false,
				"tags": [
					"chat"
				],
				"defaultCode": 57414,
				"grid": 24
			},
			"attrs": [
				{}
			],
			"properties": {
				"order": 16,
				"id": 70,
				"prevSize": 24,
				"code": 57414,
				"name": "chat",
				"ligatures": "chat"
			},
			"setIdx": 0,
			"setId": 2,
			"iconIdx": 70
		},
		{
			"icon": {
				"paths": [
					"M682 554q56 0 122 16t122 52 56 82v106h-256v-106q0-88-84-148 14-2 40-2zM342 554q56 0 122 16t121 52 55 82v106h-598v-106q0-46 56-82t122-52 122-16zM342 470q-52 0-90-38t-38-90 38-90 90-38 89 38 37 90-37 90-89 38zM682 470q-52 0-90-38t-38-90 38-90 90-38 90 38 38 90-38 90-90 38z"
				],
				"attrs": [
					{}
				],
				"isMulticolor": false,
				"tags": [
					"people"
				],
				"defaultCode": 57937,
				"grid": 24
			},
			"attrs": [
				{}
			],
			"properties": {
				"order": 19,
				"id": 593,
				"prevSize": 24,
				"code": 57937,
				"name": "users",
				"ligatures": "people"
			},
			"setIdx": 0,
			"setId": 2,
			"iconIdx": 593
		},
		{
			"icon": {
				"paths": [
					"M512 598q108 0 225 47t117 123v86h-684v-86q0-76 117-123t225-47zM512 512q-70 0-120-50t-50-120 50-121 120-51 120 51 50 121-50 120-120 50z"
				],
				"attrs": [
					{}
				],
				"isMulticolor": false,
				"tags": [
					"person"
				],
				"defaultCode": 57939,
				"grid": 24
			},
			"attrs": [
				{}
			],
			"properties": {
				"order": 18,
				"id": 595,
				"prevSize": 24,
				"code": 57939,
				"name": "user",
				"ligatures": "person"
			},
			"setIdx": 0,
			"setId": 2,
			"iconIdx": 595
		},
		{
			"icon": {
				"paths": [
					"M512 910l-62-56q-106-96-154-142t-107-114-81-123-22-113q0-98 67-166t167-68q116 0 192 90 76-90 192-90 100 0 167 68t67 166q0 78-52 162t-113 146-199 186z"
				],
				"attrs": [
					{}
				],
				"isMulticolor": false,
				"tags": [
					"favorite"
				],
				"defaultCode": 58001,
				"grid": 24
			},
			"attrs": [
				{}
			],
			"properties": {
				"order": 13,
				"id": 657,
				"prevSize": 24,
				"code": 58001,
				"name": "heart",
				"ligatures": "favorite"
			},
			"setIdx": 0,
			"setId": 2,
			"iconIdx": 657
		},
		{
			"icon": {
				"paths": [
					"M512 736l-264 160 70-300-232-202 306-26 120-282 120 282 306 26-232 202 70 300z"
				],
				"attrs": [
					{}
				],
				"isMulticolor": false,
				"tags": [
					"grade"
				],
				"defaultCode": 58009,
				"grid": 24
			},
			"attrs": [
				{}
			],
			"properties": {
				"order": 15,
				"id": 665,
				"prevSize": 24,
				"code": 58009,
				"name": "star",
				"ligatures": "grade"
			},
			"setIdx": 0,
			"setId": 2,
			"iconIdx": 665
		},
		{
			"icon": {
				"paths": [
					"M512 490q44 0 75-31t31-75-31-75-75-31-75 31-31 75 31 75 75 31zM512 86q124 0 211 87t87 211q0 62-31 142t-75 150-87 131-73 97l-32 34q-12-14-32-37t-72-92-91-134-71-147-32-144q0-124 87-211t211-87z"
				],
				"attrs": [
					{}
				],
				"isMulticolor": false,
				"tags": [
					"room"
				],
				"defaultCode": 58056,
				"grid": 24
			},
			"attrs": [
				{}
			],
			"properties": {
				"order": 20,
				"id": 712,
				"prevSize": 24,
				"code": 58056,
				"name": "pin",
				"ligatures": "room"
			},
			"setIdx": 0,
			"setId": 2,
			"iconIdx": 712
		},
		{
			"icon": {
				"paths": [
					"M512 384q52 0 90 38t38 90-38 90-90 38-90-38-38-90 38-90 90-38zM512 726q88 0 151-63t63-151-63-151-151-63-151 63-63 151 63 151 151 63zM512 192q158 0 286 88t184 232q-56 144-184 232t-286 88-286-88-184-232q56-144 184-232t286-88z"
				],
				"attrs": [
					{}
				],
				"isMulticolor": false,
				"tags": [
					"visibility"
				],
				"defaultCode": 58118,
				"grid": 24
			},
			"attrs": [
				{}
			],
			"properties": {
				"order": 14,
				"id": 774,
				"prevSize": 24,
				"code": 58118,
				"name": "visibility",
				"ligatures": "visibility"
			},
			"setIdx": 0,
			"setId": 2,
			"iconIdx": 774
		},
		{
			"icon": {
				"paths": [
					"M512 61.44c-248.883 0-450.56 201.626-450.56 450.56 0 248.781 201.677 450.56 450.56 450.56 248.934 0 450.509-201.728 450.509-450.56 0-248.883-201.523-450.56-450.509-450.56zM690.074 742.502c-8.858 0-15.053-3.379-21.555-7.322-60.877-36.915-136.294-56.269-218.010-56.269-41.677 0-86.682 4.966-133.632 14.592l-5.734 1.434c-5.939 1.434-12.032 3.021-16.691 3.021-18.995 0-33.843-14.746-33.843-33.587 0-19.098 10.752-32.614 28.774-35.994 56.115-12.8 108.954-19.046 161.382-19.046 94.976 0 179.866 22.016 252.467 65.485 12.442 7.27 20.275 15.667 20.275 34.202-0.051 18.483-15.002 33.485-33.434 33.485zM736.819 611.379c-10.598 0-17.562-4.045-23.706-7.629-109.722-65.075-273.050-86.682-407.603-50.842-2.253 0.666-4.301 1.28-6.144 1.894-5.069 1.587-9.779 3.174-16.435 3.174-22.118 0-40.090-18.074-40.090-40.346 0-21.453 11.213-36.454 31.437-42.189 51.866-14.234 100.557-23.654 170.65-23.654 113.254 0 223.078 28.416 309.146 79.923 15.667 8.96 22.784 21.197 22.784 39.475 0 22.221-17.971 40.192-40.038 40.192zM789.862 461.875c-9.984 0-16.128-2.406-25.344-7.373-74.394-44.646-190.464-71.219-310.733-71.219-62.669 0-119.603 6.912-169.267 20.326-1.69 0.41-3.277 0.87-5.018 1.382-5.274 1.587-11.878 3.482-18.688 3.482-26.419 0-47.053-20.89-47.053-47.565 0-23.194 13.005-40.909 34.816-47.36 59.955-17.715 128.973-26.675 205.107-26.675 137.114 0 267.571 30.464 357.939 83.507 16.998 9.677 25.344 24.32 25.344 44.646 0 26.266-20.685 46.848-47.104 46.848z"
				],
				"attrs": [
					{}
				],
				"isMulticolor": false,
				"tags": [
					"spotify"
				],
				"grid": 20
			},
			"attrs": [
				{}
			],
			"properties": {
				"order": 1,
				"id": 0,
				"prevSize": 20,
				"code": 58880,
				"name": "spotify"
			},
			"setIdx": 1,
			"setId": 1,
			"iconIdx": 0
		},
		{
			"icon": {
				"paths": [
					"M559.066 64c0 0-200.956 0-267.94 0-120.12 0-233.17 91.006-233.17 196.422 0 107.726 81.882 194.666 204.088 194.666 8.498 0 16.756-0.17 24.842-0.752-7.93 15.186-13.602 32.288-13.602 50.042 0 29.938 16.104 54.21 36.468 74.024-15.386 0-30.242 0.448-46.452 0.448-148.782-0.002-263.3 94.758-263.3 193.020 0 96.778 125.542 157.314 274.334 157.314 169.624 0 263.306-96.244 263.306-193.028 0-77.6-22.896-124.072-93.686-174.134-24.216-17.144-70.53-58.836-70.53-83.344 0-28.72 8.196-42.868 51.428-76.646 44.312-34.624 75.672-83.302 75.672-139.916 0-67.406-30.020-133.098-86.372-154.772h84.954l59.96-43.344zM465.48 719.458c2.126 8.972 3.284 18.206 3.284 27.628 0 78.2-50.392 139.31-194.974 139.31-102.842 0-177.116-65.104-177.116-143.3 0-76.642 92.126-140.444 194.964-139.332 24 0.254 46.368 4.116 66.67 10.69 55.826 38.826 95.876 60.762 107.172 105.004zM300.818 427.776c-69.038-2.064-134.636-77.226-146.552-167.86-11.916-90.666 34.37-160.042 103.388-157.99 69.010 2.074 134.638 74.814 146.558 165.458 11.906 90.66-34.39 162.458-103.394 160.392zM832 256v-192h-64v192h-192v64h192v192h64v-192h192v-64z"
				],
				"attrs": [],
				"isMulticolor": false,
				"tags": [
					"google-plus",
					"brand",
					"social"
				],
				"defaultCode": 58515,
				"grid": 16
			},
			"attrs": [],
			"properties": {
				"id": 1292,
				"order": 6,
				"prevSize": 32,
				"code": 61156,
				"ligatures": "google-plus, brand2",
				"name": "google-plus"
			},
			"setIdx": 2,
			"setId": 0,
			"iconIdx": 1508
		},
		{
			"icon": {
				"paths": [
					"M672 192c-88.366 0-160 71.634-160 160v96h-128v128h128v448h128v-448h144l32-128h-176v-96c0-17.672 14.326-32 32-32h160v-128h-160z"
				],
				"attrs": [],
				"isMulticolor": false,
				"tags": [
					"facebook",
					"brand",
					"social"
				],
				"defaultCode": 58520,
				"grid": 16
			},
			"attrs": [],
			"properties": {
				"id": 1297,
				"order": 2,
				"prevSize": 32,
				"code": 61160,
				"ligatures": "facebook, brand6",
				"name": "facebook"
			},
			"setIdx": 2,
			"setId": 0,
			"iconIdx": 1512
		},
		{
			"icon": {
				"paths": [
					"M1024 194.418c-37.676 16.708-78.164 28.002-120.66 33.080 43.372-26 76.686-67.17 92.372-116.23-40.596 24.078-85.556 41.56-133.41 50.98-38.32-40.83-92.922-66.34-153.346-66.34-116.022 0-210.088 94.058-210.088 210.078 0 16.466 1.858 32.5 5.44 47.878-174.6-8.764-329.402-92.4-433.018-219.506-18.084 31.028-28.446 67.116-28.446 105.618 0 72.888 37.088 137.192 93.46 174.866-34.438-1.092-66.832-10.542-95.154-26.278-0.020 0.876-0.020 1.756-0.020 2.642 0 101.788 72.418 186.696 168.522 206-17.626 4.8-36.188 7.372-55.348 7.372-13.538 0-26.698-1.32-39.528-3.772 26.736 83.46 104.32 144.206 196.252 145.896-71.9 56.35-162.486 89.934-260.916 89.934-16.958 0-33.68-0.994-50.116-2.94 92.972 59.61 203.402 94.394 322.042 94.394 386.422 0 597.736-320.124 597.736-597.744 0-9.108-0.206-18.168-0.61-27.18 41.056-29.62 76.672-66.62 104.836-108.748z"
				],
				"attrs": [],
				"isMulticolor": false,
				"tags": [
					"twitter",
					"brand",
					"tweet",
					"social"
				],
				"defaultCode": 58525,
				"grid": 16
			},
			"attrs": [],
			"properties": {
				"id": 1302,
				"order": 3,
				"prevSize": 32,
				"code": 61165,
				"ligatures": "twitter, brand11",
				"name": "twitter"
			},
			"setIdx": 2,
			"setId": 0,
			"iconIdx": 1517
		},
		{
			"icon": {
				"paths": [
					"M832 128h-640c-105.6 0-192 86.4-192 192v384c0 105.6 86.4 192 192 192h640c105.6 0 192-86.4 192-192v-384c0-105.6-86.4-192-192-192zM384 768v-512l320 256-320 256z"
				],
				"attrs": [],
				"isMulticolor": false,
				"tags": [
					"youtube",
					"brand",
					"social"
				],
				"defaultCode": 58531,
				"grid": 16
			},
			"attrs": [],
			"properties": {
				"id": 1308,
				"order": 9,
				"prevSize": 32,
				"code": 61171,
				"ligatures": "youtube, brand14",
				"name": "youtube"
			},
			"setIdx": 2,
			"setId": 0,
			"iconIdx": 1523
		},
		{
			"icon": {
				"paths": [
					"M96 0l-96 160v736h256v128h128l128-128h160l288-288v-608h-864zM832 544l-160 160h-160l-128 128v-128h-192v-576h640v416z",
					"M608 256h96v256h-96v-256z",
					"M416 256h96v256h-96v-256z"
				],
				"attrs": [],
				"isMulticolor": false,
				"tags": [
					"twitch",
					"brand",
					"social"
				],
				"defaultCode": 61173,
				"grid": 16
			},
			"attrs": [],
			"properties": {
				"id": 1310,
				"order": 1,
				"prevSize": 32,
				"code": 61175,
				"ligatures": "twitch, brand18",
				"name": "twitch"
			},
			"setIdx": 2,
			"setId": 0,
			"iconIdx": 1527
		},
		{
			"icon": {
				"paths": [
					"M0 308.37l41.594 54.544c0 0 85.77-67.608 114.36-33.802 28.588 33.802 137.736 441.956 174.17 517.246 31.8 66.030 119.518 153.32 215.714 90.982 96.136-62.34 415.84-335.286 473.066-657.616 57.18-322.226-384.72-254.726-431.53 26.010 116.99-70.236 179.436 28.538 119.57 140.372-59.758 111.724-114.36 184.592-142.952 184.592-28.538 0-50.49-74.768-83.188-205.446-33.798-135.102-33.592-378.46-174.116-350.87-132.518 26.012-306.688 233.988-306.688 233.988z"
				],
				"attrs": [],
				"isMulticolor": false,
				"tags": [
					"vimeo",
					"brand",
					"social"
				],
				"defaultCode": 58533,
				"grid": 16
			},
			"attrs": [],
			"properties": {
				"id": 1312,
				"order": 5,
				"prevSize": 32,
				"code": 61176,
				"ligatures": "vimeo, brand19",
				"name": "vimeo"
			},
			"setIdx": 2,
			"setId": 0,
			"iconIdx": 1528
		},
		{
			"icon": {
				"paths": [
					"M765.666 226.346c-6.882 9.804-64.486 87.23-200.556 138.228-62.704-115.206-132.206-209.85-142.782-224.012 28.776-6.936 58.798-10.64 89.674-10.64 97.23 0 186.088 36.47 253.664 96.424zM538.752 515.924c-197.352 63.796-302.372 237.678-311.042 252.522-61.116-67.842-98.374-157.576-98.374-255.858 0-3.916 0.078-7.81 0.196-11.696 16.744 0.342 202.18 2.732 393.278-54.458 10.952 21.44 21.416 43.202 31.024 64.94-5.064 1.426-10.092 2.94-15.082 4.55zM512 0c-282.77 0-512 229.23-512 512s229.23 512 512 512 512-229.23 512-512-229.23-512-512-512zM512.002 960c-247.030 0-448.002-200.97-448.002-448 0-247.028 200.972-448 448.002-448 247.032 0 447.998 200.972 447.998 448 0 247.030-200.966 448-447.998 448zM619.918 476.902c-7.946-18.66-16.482-37.198-25.388-55.428 141.484-57.762 205.61-139.964 213.676-150.878 53.292 65.116 85.566 148.052 86.412 238.372-12.618-2.668-139.13-28.328-266.458-12.316-2.682-6.552-5.426-13.134-8.242-19.75zM491.188 387.588c-178.996 47.532-336.65 46.848-353.766 46.622 24.814-118.742 104.836-217.432 211.892-267.926 10.088 13.834 78.472 108.594 141.874 221.304zM577.32 575.5c0.84-0.292 1.68-0.564 2.522-0.852 53.724 139.606 75.942 256.612 81.636 290.186-45.946 19.568-96.466 30.41-149.476 30.41-88.464 0-170.002-30.184-234.882-80.78 6.886-14.078 84.364-163.754 300.2-238.964zM651.464 556.964c119.916-19.192 225.266 12.232 238.36 16.36-17.060 106.474-78.172 198.428-164.020 256.472-3.922-23.276-24.288-135.294-74.34-272.832z"
				],
				"attrs": [],
				"isMulticolor": false,
				"tags": [
					"dribbble",
					"brand",
					"social"
				],
				"defaultCode": 58545,
				"grid": 16
			},
			"attrs": [],
			"properties": {
				"id": 1324,
				"order": 7,
				"prevSize": 32,
				"code": 61188,
				"ligatures": "dribbble3, brand31",
				"name": "dribbble3"
			},
			"setIdx": 2,
			"setId": 0,
			"iconIdx": 1540
		},
		{
			"icon": {
				"paths": [
					"M704 288c0-53.019 42.981-96 96-96s96 42.981 96 96c0 53.019-42.981 96-96 96-53.019 0-96-42.981-96-96zM958.392 129.608c-87.478-87.476-229.306-87.476-316.786 0-35.578 35.578-56.684 80.146-63.322 126.392v0l-204.694 310.228c-27.506 1.41-54.776 8.416-79.966 21.016l-157.892-123.424c-36.55-28.574-89.342-22.102-117.912 14.448-28.572 36.55-22.102 89.342 14.448 117.912l155.934 121.892c-16.96 66.782 0.672 140.538 52.93 192.794 78.906 78.904 206.832 78.904 285.736 0 48.466-48.466 67.15-115.428 56.076-178.166l249.054-222.986c46.248-6.638 90.816-27.744 126.394-63.322 87.478-87.476 87.478-229.306 0-316.784zM384 902.698c-74.39 0-134.698-60.304-134.698-134.698 0-0.712 0.042-1.414 0.054-2.124l66.912 52.304c15.36 12.006 33.582 17.824 51.674 17.824 24.962 0 49.672-11.080 66.238-32.272 28.572-36.55 22.102-89.342-14.448-117.912l-63.5-49.636c8.962-1.878 18.248-2.88 27.768-2.88 74.392 0 134.698 60.304 134.698 134.698s-60.306 134.696-134.698 134.696zM800 448c-88.366 0-160-71.634-160-160s71.634-160 160-160 160 71.634 160 160-71.634 160-160 160z"
				],
				"attrs": [],
				"isMulticolor": false,
				"tags": [
					"steam",
					"brand",
					"social"
				],
				"defaultCode": 58550,
				"grid": 16
			},
			"attrs": [],
			"properties": {
				"id": 1329,
				"order": 10,
				"prevSize": 32,
				"code": 61193,
				"ligatures": "steam, brand36",
				"name": "steam"
			},
			"setIdx": 2,
			"setId": 0,
			"iconIdx": 1545
		},
		{
			"icon": {
				"paths": [
					"M891.96 514.204c-18.086 0-35.348 3.52-51.064 9.856-10.506-114.358-110.29-204.060-232-204.060-29.786 0-58.682 5.63-84.318 15.164-9.96 3.702-12.578 7.52-12.578 14.916v402.714c0 7.766 6.24 14.234 14.124 14.996 0.336 0.034 363.536 0.21 365.89 0.21 72.904 0 131.986-56.816 131.986-126.894s-59.134-126.902-132.040-126.902zM400 768h32l16-224.22-16-223.78h-32l-16 223.78zM304 768h-32l-16-162.75 16-157.25h32l16 160zM144 768h32l16-128-16-128h-32l-16 128zM16 704h32l16-64-16-64h-32l-16 64z"
				],
				"attrs": [],
				"isMulticolor": false,
				"tags": [
					"soundcloud",
					"brand",
					"social"
				],
				"defaultCode": 58571,
				"grid": 16
			},
			"attrs": [],
			"properties": {
				"id": 1353,
				"order": 4,
				"prevSize": 32,
				"code": 61216,
				"ligatures": "soundcloud, brand59",
				"name": "soundcloud"
			},
			"setIdx": 2,
			"setId": 0,
			"iconIdx": 1568
		},
		{
			"icon": {
				"paths": [
					"M975.31 577.938c2.812-20.8 4.43-41.946 4.43-63.472 0-258.31-210.542-467.744-470.206-467.744-25.808 0-51.11 2.12-75.732 6.16-44.144-28.768-96.684-45.534-153.224-45.534-155.046 0-280.578 125.616-280.578 280.612 0 56.396 16.598 108.788 45.18 152.778-3.85 24.034-5.818 48.646-5.818 73.718 0 258.352 210.434 467.764 470.17 467.764 29.314 0 57.854-2.854 85.592-7.866 43.1 26.738 93.868 42.296 148.292 42.296 155.004 0.002 280.584-125.646 280.584-280.626-0.006-58.586-17.92-113.056-48.69-158.086zM553.48 859.192c-149.41 7.784-219.328-25.274-283.378-85.382-71.53-67.134-42.796-143.708 15.48-147.602 58.244-3.888 93.214 66.026 124.3 85.472 31.048 19.376 149.188 63.52 211.588-7.816 67.952-77.656-45.188-117.84-128.118-130.004-118.406-17.532-267.9-81.584-256.27-207.814 11.632-126.148 107.164-190.828 207.7-199.952 128.154-11.634 211.582 19.414 277.57 75.72 76.3 65.058 35.016 137.788-13.598 143.64-48.424 5.818-102.808-107.008-209.582-108.704-110.054-1.728-184.434 114.522-48.572 147.568 135.932 33.010 281.5 46.572 333.922 170.834 52.458 124.274-81.508 256.25-231.042 264.040z"
				],
				"attrs": [],
				"isMulticolor": false,
				"tags": [
					"skype",
					"brand",
					"social"
				],
				"defaultCode": 58573,
				"grid": 16
			},
			"attrs": [],
			"properties": {
				"id": 1355,
				"order": 8,
				"prevSize": 32,
				"code": 61218,
				"ligatures": "skype, brand61",
				"name": "skype"
			},
			"setIdx": 2,
			"setId": 0,
			"iconIdx": 1570
		},
		{
			"icon": {
				"paths": [
					"M852 0h-680c-94.6 0-172 77.4-172 172v680c0 94.6 77.4 172 172 172h680c94.6 0 172-77.4 172-172v-680c0-94.6-77.4-172-172-172zM384 832h-128v-448h128v448zM320 320c-35.346 0-64-28.654-64-64s28.654-64 64-64 64 28.654 64 64-28.654 64-64 64zM832 832h-128v-256c0-35.346-28.654-64-64-64s-64 28.654-64 64v256h-128v-448h128v79.472c26.398-36.264 66.752-79.472 112-79.472 79.53 0 144 71.634 144 160v288z"
				],
				"attrs": [],
				"isMulticolor": false,
				"tags": [
					"linkedin",
					"brand",
					"social"
				],
				"defaultCode": 58575,
				"grid": 16
			},
			"attrs": [],
			"properties": {
				"order": 12,
				"id": 1581,
				"prevSize": 32,
				"code": 61220,
				"ligatures": "linkedin, brand63",
				"name": "linkedin"
			},
			"setIdx": 2,
			"setId": 0,
			"iconIdx": 1572
		},
		{
			"icon": {
				"paths": [
					"M512.006 0.002c-282.774 0-512.006 229.23-512.006 511.996 0 216.906 134.952 402.166 325.414 476.772-4.478-40.508-8.518-102.644 1.774-146.876 9.298-39.954 60.040-254.5 60.040-254.5s-15.32-30.664-15.32-76.008c0-71.19 41.268-124.336 92.644-124.336 43.68 0 64.784 32.794 64.784 72.12 0 43.928-27.964 109.604-42.404 170.464-12.060 50.972 25.556 92.536 75.814 92.536 91.008 0 160.958-95.96 160.958-234.466 0-122.584-88.088-208.298-213.868-208.298-145.678 0-231.186 109.274-231.186 222.19 0 44.008 16.95 91.196 38.102 116.844 4.182 5.070 4.792 9.516 3.548 14.68-3.884 16.18-12.522 50.96-14.216 58.076-2.234 9.368-7.422 11.356-17.124 6.842-63.95-29.77-103.926-123.264-103.926-198.348 0-161.51 117.348-309.834 338.294-309.834 177.61 0 315.634 126.56 315.634 295.704 0 176.458-111.256 318.466-265.676 318.466-51.886 0-100.652-26.958-117.35-58.796 0 0-25.672 97.766-31.894 121.71-11.564 44.468-42.768 100.218-63.642 134.226 47.91 14.832 98.818 22.832 151.604 22.832 282.768-0.002 511.996-229.23 511.996-512 0-282.766-229.228-511.996-511.994-511.996z"
				],
				"attrs": [],
				"isMulticolor": false,
				"tags": [
					"pinterest",
					"brand",
					"social"
				],
				"defaultCode": 58582,
				"grid": 16
			},
			"attrs": [],
			"properties": {
				"id": 1364,
				"order": 11,
				"prevSize": 32,
				"code": 61228,
				"ligatures": "pinterest, brand71",
				"name": "pinterest"
			},
			"setIdx": 2,
			"setId": 0,
			"iconIdx": 1580
		}
	],
	"height": 1024,
	"metadata": {
		"name": "ryzeui-icons"
	},
	"preferences": {
		"showGlyphs": true,
		"showQuickUse": true,
		"showQuickUse2": true,
		"showSVGs": true,
		"fontPref": {
			"prefix": "icon-",
			"metadata": {
				"fontFamily": "ryzeui-icons",
				"majorVersion": 1,
				"minorVersion": 0
			},
			"metrics": {
				"emSize": 1024,
				"baseline": 6.25,
				"whitespace": 50
			},
			"showVersion": false,
			"embed": false,
			"showSelector": false
		},
		"imagePref": {
			"prefix": "icon-",
			"png": true,
			"useClassSelector": true,
			"color": 4473924,
			"bgColor": 16777215
		},
		"historySize": 100
	}
}